name,tempo,energy,centroid,danceability
"Hidden Tunes - Pop Hits 2026 Playlist Hyperparty vibes",120.56,0.009429,2120.16,1.0478
"Pop Hits 2015 - I Know You",73.58,0.009140,1122.18,0.8172
"Pop Hits 2015 - House Every Weekend",122.13,0.110001,1887.22,1.4440
"Pop Hits 2015 - Can't Stop Playing (Makes Me High)",125.00,0.075407,1424.36,1.7450
"Pop Hits 2015 - Bitch I'm Madonna",150.31,0.078218,560.38,1.3815
"Pop Hits 2015 - Talking Body",120.10,0.054140,1557.92,1.2584
"Pop Hits 2015 - Take Me Away",123.87,0.100597,2018.22,1.8566
"Pop Hits 2015 - Want to Want Me",113.00,0.070374,1528.87,1.3782
"The Knife - Rock Classics",70.06,0.030223,429.89,2.1178
"Rock Classics - C'est La Vie",148.12,0.103864,1259.50,1.4491
"Rock Classics - Paradise City",93.87,0.030800,1662.86,1.6346
"Rock Classics - Any Way You Want It",138.09,0.035474,1533.74,1.6059
"Rock Classics - Basket Case",91.13,0.018926,2262.82,1.6848
"Rock Classics - Would?",101.85,0.026832,1678.22,1.3635
"Rock Classics - Gimme Shelter",117.13,0.064160,1080.99,1.6063
"Rock Classics - 18 and Life",87.96,0.037448,1388.85,1.7008
"BTS - Hip Hop Phile",143.88,0.108565,2090.06,1.7305
"Portugal. The Man - Hip Hop Kids",94.92,0.086609,1348.63,1.2019
"Miss - Hip Hop",118.23,0.037575,1675.81,1.7097
"Hip Hop Kids - O meu chapeu tem tres bicos",119.95,0.011969,1148.27,1.2927
"Hip Hop Kids - O balão do João",84.90,0.048476,1187.80,1.7624
"Hip Hop Kids - Eu vi um sapo",96.91,0.007756,1123.49,1.4169
"Hip Hop Kids - Sebastião come tudo",86.58,0.019656,1091.90,1.2108
"Hip Hop Kids - Papagaio louro",104.89,0.036262,877.03,1.4392
"Workout Music 2023 - Edm Dance Workout (Workout Music Mix)",137.36,0.020941,1746.46,1.2809
"New Years Dance Party Dj - EDM, Dance, Electro House",130.78,0.038222,1919.01,1.2336
"ESG - Dance",138.90,0.020963,1935.65,1.5429
"MC Pelé - Ela Dança, Eu Danço",128.84,0.024587,1742.67,1.4505
"Vanessa Wagner - Elf Dance",117.20,0.004191,633.00,0.9326
"Crazy Design - Ewa Dance",139.14,0.086657,2012.55,1.5016
"Hard EDM Workout - Rhythm Is A Dancer (Workout Remix 140 bpm)",140.02,0.075175,2320.91,1.0235
"Hard EDM Workout - Gonna Make You Sweat (Everybody Dance Now) (Workout Remix 140 bpm)",139.96,0.092676,2184.71,1.1879
"Musicas para Alegrar o Dia - R&B Soul para Relaxar",93.95,0.025242,1074.35,1.4387
"R&B Soul Superstars - Wonderful (Made Famous by Aretha Franklin)",90.04,0.038392,1677.52,1.4726
"R&B Soul Superstars - (You Make Me Feel Like) A Natural Woman (Made Famous by Aretha Franklin)",115.87,0.007463,1320.69,1.1690
"R&B Soul Superstars - I Say A Little Prayer (Made Famous by Aretha Franklin)",133.05,0.010079,837.89,1.4438
"Musicas para Alegrar o Dia - R&B Soul Vibrante para Trabalhar",93.95,0.025242,1074.35,1.4387
"R&B Soul Superstars - Think (Made Famous by Aretha Franklin)",109.92,0.025752,1434.52,1.4742
"Rapsoul - Erste Liebe",97.95,0.041482,1930.62,1.2589
"Rapsoul - Eine von Millionen",94.94,0.074134,1689.11,1.2226
"The Weeknd - K-POP",120.91,0.171925,743.48,1.7522
"410 - K-pop",129.72,0.057994,2274.89,1.3037
"Lacrim - K-Pop",71.32,0.077079,1850.18,1.2596
"T_y_A - K-POP",149.22,0.041070,896.78,1.3716
"K-Pop - The K-Pop Club",161.50,0.043053,1565.17,1.4864
"Blitzers - K-POP",136.01,0.122343,1767.10,1.4023
"The Weeknd - K-POP (Sped Up)",153.63,0.095765,863.98,1.1460
"Murachov - K-pop",139.97,0.102061,1566.87,1.3501
"Lowtone Music - Indie Folk",110.03,0.076895,559.05,1.1179
"Roybush.band - Indie Folk",155.86,0.053478,889.41,0.9480
"OlexandrMusic - Indie Folk",129.78,0.037872,865.98,0.9088
"Art Music - Indie Folk Acoustic",118.72,0.013074,1093.72,1.1472
"Tom Bailey Backing Tracks - Indie Folk Acoustic Guitar Backing Track In A Major / F Minor",129.96,0.093733,523.94,1.1845
"DJ Markarian - Indie Walk",128.57,0.051086,1469.64,2.0171
"Dj F.E.X - Indie Walk",128.60,0.007033,3002.76,2.0968
"Loboda - Indie Rock (Vogue RUS)",98.69,0.091000,608.39,1.5674
"Jazz Standards - Sleepy Time Saxophone",88.92,0.024096,443.00,1.3888
"Smooth Jazz & Sexting Soft Jazz Maestro - Jazz Standards",74.14,0.010404,504.34,1.0840
"Jazz Standards - Autumn Leaves",172.27,0.014247,2606.59,1.0739
"Jazz Standards - Bye Bye",151.10,0.010258,710.87,1.1845
"Jazz Standards - Just Blame Me",99.05,0.004725,838.01,0.9805
"Jazz Standards - Somewhere Over the Rainbow Melody",114.03,0.031258,360.84,0.9518
"Trumpet Jazz Classics - Brenda Ballad",122.90,0.007388,1017.35,1.0955
"Jazz Trumpet - Tenderly I Go",144.17,0.005404,1003.70,1.0309
"Countryhits - Hell of a Night",172.27,0.077574,1160.38,1.2460
"Countryhits - You Really Had Me Going",129.92,0.003509,1617.68,0.9914
"Countryhits - Couldn't Last a Moment",96.64,0.028234,1356.90,1.1541
"Countryhits - Fore She Was Mama",85.09,0.035847,1394.57,1.2080
"Countryhits - José Cuervo",115.94,0.004486,1579.48,1.3292
"Countryhits - Alyssa Lies",150.79,0.036100,1513.18,1.0401
"Countryhits - I'm Taking the Wheel",122.04,0.031138,1472.50,1.2045
"Countryhits - Go Back",73.20,0.017712,972.58,1.0048
"Jolagreen23 - METAL",114.05,0.071134,1649.66,1.2653
"Rounhaa - METAL",118.03,0.190055,1139.06,1.3622
"SDM - METALLICA",119.96,0.070466,1469.11,1.0654
"Kerchak - Métal",90.01,0.082321,1703.19,1.4971
"Eagle Eyed Tiger - Metal & Plastic",79.93,0.062321,698.50,1.9536
"Prime - Métal",137.06,0.028294,1022.63,1.1494
"KAGE - MÉTAL",103.96,0.044932,2938.31,1.9032
"Mac Tyer - METAL (feat. Stavo)",126.90,0.125214,1635.05,1.5116
"Gitarreros - Latin Pop",139.35,0.021104,944.47,1.4411
"Latin Pop Heroes - Radioactive",136.30,0.048209,2060.59,0.8879
"Latin Pop Heroes - Charlie Brown",137.69,0.074388,1461.68,1.2306
"Latin Pop Heroes - Summertime Sadness",112.09,0.073659,1148.05,1.4410
"Latin Pop Heroes - Call Me Maybe",108.09,0.029394,1606.20,1.3217
"Latin Pop Heroes - Let's Ride",139.99,0.030487,1795.72,0.8664
"Latin Pop Heroes - Diamonds",99.97,0.027304,1579.90,1.0724
"Latin Pop Heroes - Runnaways",131.92,0.021569,1809.38,1.0782
"JS aka The Best - Lo-Fi Chill",99.87,0.079059,293.97,1.4603
"Lil Gromit - Malawi Gold",98.13,0.020190,542.27,1.6990
"Krikor Lofi - Lofi Chill",134.77,0.022966,850.53,1.0617
"JoaoziinBeats - Lofi Chill",129.47,0.011212,1009.08,1.1856
"BƱBBLE - Season Changes",150.55,0.027895,491.99,1.1837
"Chill Ghost - lofi",84.96,0.043928,540.53,1.2606
"Hovey Benjamin - Lofi Chill Study Beats",83.27,0.047274,1268.61,1.4476
"Lofi Chill Brazil - Jardim Botânico",89.98,0.069521,1155.94,2.0349
